Code,Name
005930,삼성전자
000660,SK하이닉스
005935,삼성전자우
402340,SK스퀘어
005380,현대차
373220,LG에너지솔루션
009150,삼성전기
329180,HD현대중공업
034020,두산에너빌리티
012450,한화에어로스페이스
032830,삼성생명
207940,삼성바이오로직스
028260,삼성물산
000270,기아
105560,KB금융
012330,현대모비스
006400,삼성SDI
055550,신한지주
068270,셀트리온
267260,HD현대일렉트릭
034730,SK
010120,LS ELECTRIC
006800,미래에셋증권
042660,한화오션
298040,효성중공업
005490,POSCO홀딩스
086790,하나금융지주
035420,NAVER
066570,LG전자
009540,HD한국조선해양
010130,고려아연
042700,한미반도체
010140,삼성중공업
000810,삼성화재
000150,두산
015760,한국전력
051910,LG화학
316140,우리금융지주
017670,SK텔레콤
064350,현대로템
267250,HD현대
096770,SK이노베이션
196170,알테오젠
003670,포스코퓨처엠
272210,한화시스템
011200,HMM
033780,KT&G
079550,LIG디펜스앤에어로스페이스
138040,메리츠금융지주
011070,LG이노텍
035720,카카오
247540,에코프로비엠
024110,기업은행
086520,에코프로
003550,LG
086280,현대글로비스
006260,LS
047810,한국항공우주
307950,현대오토에버
000720,현대건설
278470,에이피알
030200,KT
071050,한국금융지주
018260,삼성에스디에스
010950,S-Oil
277810,레인보우로보틱스
259960,크래프톤
047050,포스코인터내셔널
0126Z0,삼성에피스홀딩스
047040,대우건설
005940,NH투자증권
323410,카카오뱅크
005830,DB손해보험
003230,삼양식품
001440,대한전선
016360,삼성증권
443060,HD현대마린솔루션
352820,하이브
039490,키움증권
028050,삼성E&A
003490,대한항공
007660,이수페타시스
000880,한화
005387,현대차2우B
950160,코오롱티슈진
036930,주성엔지니어링
000250,삼천당제약
062040,산일전기
058470,리노공업
267270,HD건설기계
161390,한국타이어앤테크놀로지
180640,한진칼
326030,SK바이오팜
000990,DB하이텍
064400,LG씨엔에스
009830,한화솔루션
078930,GS
090430,아모레퍼시픽
353200,대덕전자
032640,LG유플러스
000100,유한양행
028300,HLB
034220,LG디스플레이
021240,코웨이
454910,두산로보틱스
241560,두산밥캣
377300,카카오페이
066970,엘앤에프
298380,에이비엘바이오
082740,한화엔진
005385,현대차우
000500,가온전선
039030,이오테크닉스
440110,파두
036570,NC
029780,삼성카드
240810,원익IPS
087010,펩트론
271560,오리온
128940,한미약품
088980,맥쿼리인프라
138930,BNK금융지주
010060,OCI홀딩스
052690,한전기술
141080,리가켐바이오
336260,두산퓨얼셀
214370,케어젠
001040,CJ
004020,현대제철
103590,일진전기
175330,JB금융지주
004170,신세계
011790,SKC
088350,한화생명
022100,포스코DX
018880,한온시스템
310210,보로노이
023530,롯데쇼핑
450080,에코프로머티
178320,서진시스템
002380,KCC
095340,ISC
403870,HPSP
222800,심텍
051900,LG생활건강
108490,로보티즈
012510,더존비즈온
111770,영원무역
319400,현대무벡스
010170,대한광통신
251270,넷마블
036460,한국가스공사
011170,롯데케미칼
489790,한화비전
011780,금호석유화학
035250,강원랜드
080220,제주반도체
004800,효성
097950,CJ제일제당
131970,두산테스나
031210,서울보증보험
017800,현대엘리베이터
302440,SK바이오사이언스
014680,한솔케미칼
067310,하나마이크론
001450,현대해상
145020,휴젤
064760,티씨케이
319660,피에스케이
028670,팬오션
214450,파마리서치
357780,솔브레인
214150,클래시스
226950,올릭스
383220,F&F
263750,펄어비스
139130,iM금융지주
375500,DL이앤씨
100790,미래에셋벤처투자
005290,동진쎄미켐
020150,롯데에너지머티리얼즈
084370,유진테크
043260,성호전자
001720,신영증권
032820,우리기술
457190,이수스페셜티케미컬
005850,에스엘
483650,달바글로벌
031980,피에스케이홀딩스
009970,영원무역홀딩스
012750,에스원
131290,티에스이
007340,DN오토모티브
004990,롯데지주
237690,에스티팜
347850,디앤디파마텍
439260,대한조선
026960,동서
071970,HD현대마린엔진
257720,실리콘투
006360,GS건설
204320,HL만도
003690,코리안리
082920,비츠로셀
139480,이마트
218410,RFHIC
004370,농심
103140,풍산
051600,한전KPS
098460,고영
282330,BGF리테일
00680K,미래에셋증권2우B
229640,LS에코에너지
083650,비에이치아이
058610,에스피지
095610,테스
069960,현대백화점
008770,호텔신라
018670,SK가스
007070,GS리테일
000155,두산우
001430,세아베스틸지주
279570,케이뱅크
0009K0,에임드바이오
030000,제일기획
007810,코리아써키트
008930,한미사이언스
000240,한국앤컴퍼니
120110,코오롱인더
140410,메지온
005440,현대지에프홀딩스
078600,대주전자재료
035900,JYP Ent.
011210,현대위아
161890,한국콜마
112610,씨에스윈드
068760,셀트리온제약
081660,미스토홀딩스
009420,한올바이오파마
347700,스피어
322000,HD현대에너지솔루션
192820,코스맥스
000120,CJ대한통운
041510,에스엠
085620,미래에셋생명
030530,원익홀딩스
323280,태성
097230,HJ중공업
027360,아주IB투자
017960,한국카본
002790,아모레퍼시픽홀딩스
439960,코스모로보틱스
023590,다우기술
089030,테크윙
476830,알지노믹스
140860,파크시스템스
060370,LS마린솔루션
290650,엘앤씨바이오
001120,LX인터내셔널
395400,SK리츠
462870,시프트업
077970,STX엔진
298020,효성티앤씨
437730,삼현
491000,리브스메드
361610,SK아이이테크놀로지
101490,에스앤에스텍
001740,SK네트웍스
096530,씨젠
005070,코스모신소재
006040,동원산업
183300,코미코
001800,오리온홀딩스
420770,기가비스
003570,SNT다이내믹스
099320,쎄트렉아이
003540,대신증권
006280,녹십자
069620,대웅제약
032350,롯데관광개발
039200,오스코텍
020560,아시아나항공
475830,오름테라퓨틱
031330,에스에이엠티
189300,인텔리안테크
445680,큐리옥스바이오시스템즈
475150,SK이터닉스
232140,와이씨
166090,하나머티리얼즈
007310,오뚜기
073240,금호타이어
417200,LS머트리얼즈
294870,IPARK현대산업개발
003530,한화투자증권
030610,교보증권
195870,해성디에스
458870,씨어스
004000,롯데정밀화학
038500,삼표시멘트
012630,HDC
003380,하림지주
034230,파라다이스
281820,케이씨텍
089970,브이엠
090710,휴림로봇
192080,더블유게임즈
036540,SFA반도체
032500,케이엠더블유
127120,제이에스링크
006110,삼아알미늄
085660,차바이오텍
195940,HK이노엔
065350,신성델타테크
082640,동양생명
051915,LG화학우
181710,NHN
415640,KB발해인프라
397030,에이프릴바이오
093370,후성
490470,세미파이브
204270,제이앤티씨
000080,하이트진로
066575,LG전자우
281740,레이크머티리얼즈
007390,네이처셀
003090,대웅
089860,롯데렌탈
295310,에이치브이엠
000815,삼성화재우
003470,유안타증권
009155,삼성전기우
000210,DL
100090,SK오션플랜트
300720,한일시멘트
330590,롯데리츠
090460,비에이치
185750,종근당
003240,태광산업
280360,롯데웰푸드
388210,씨엠티엑스
006340,대원전선
477850,마키나락스
005300,롯데칠성
161580,필옵틱스
160190,하이젠알앤엠
213420,덕산네오룩스
036830,솔브레인홀딩스
496320,본시스템즈
388720,유일로보틱스
126340,비나텍
048410,현대바이오
365550,ESR켄달스퀘어리츠
033790,피노
052020,에스티큐브
056190,에스에프에이
137400,피엔티
124500,아이티센글로벌
083450,GST
033100,제룡전기
466100,클로봇
009450,경동나비엔
456040,OCI
115180,큐리언트
033240,자화전자
137310,에스디바이오센서
000670,영풍
057050,현대홈쇼핑
456160,지투지바이오
376900,로킷헬스케어
222080,씨아이에스
298050,HS효성첨단소재
086450,동국제약
071055,한국금융지주우
248070,솔루엠
192400,쿠쿠홀딩스
074600,원익QnC
356860,티엘비
499790,GS피앤엘
023160,태광
094170,동운아나텍
005690,파미셀
035760,CJ ENM
050890,쏠리드
293490,카카오게임즈
451800,한화리츠
052400,코나아이
014620,성광벤드
00088K,한화3우B
122870,와이지엔터테인먼트
006120,SK디스커버리
075580,세진중공업
476060,온코닉테라퓨틱스
001510,SK증권
030190,NICE평가정보
000370,한화손해보험
100840,SNT에너지
108320,LX세미콘
046890,서울반도체
010780,아이에스동서
006650,대한유화
253450,스튜디오드래곤
071320,지역난방공사
056080,유진로봇
214320,이노션
002020,코오롱
001820,삼화콘덴서
036530,SNT홀딩스
003160,디아이
327260,RF머트리얼즈
025540,한국단자
079900,전진건설로봇
053610,프로텍
003850,보령
121600,나노신소재
064960,SNT모티브
005880,대한해운
079160,CJ CGV
032190,다우데이타
004490,세방전지
241710,코스메카코리아
005250,녹십자홀딩스
037460,삼지전자
006730,서부T&D
171090,선익시스템
082270,젬백스
285130,SK케미칼
484870,엠앤씨솔루션
365340,성일하이텍
044490,태웅
009240,한샘
178920,PI첨단소재
002960,한국쉘석유
077360,덕산하이메탈
017900,광전자
225570,넥슨게임즈
036810,에프에스티
425420,티에프이
174900,앱클론
348370,엔켐
252990,샘씨엔에스
114090,GKL
086900,메디톡스
317450,명인제약
069260,TKG휴켐스
003620,KG모빌리티
161000,애경케미칼
336370,솔루스첨단소재
033160,엠케이전자
383800,LX홀딩스
003030,세아제강지주
093050,LF
005090,SGC에너지
348340,뉴로메카
092190,서울바이오시스
090360,로보스타
019210,와이지-원
033640,네패스
005180,빙그레
007700,F&F홀딩스
000400,롯데손해보험
009520,포스코엠텍
102940,코오롱생명과학
060250,NHN KCP
358570,지아이이노베이션
112040,위메이드
001680,대상
014820,동원시스템즈
058650,세아홀딩스
001060,JW중외제약
053800,안랩
336570,원텍
016380,KG스틸
399720,가온칩스
033500,동성화인텍
249420,일동제약
00104K,CJ4우(전환)
293940,신한알파리츠
001270,부국증권
389470,인벤티지랩
199800,툴젠
217590,티엠씨
001570,금양
059090,미코
089890,코세스
102710,이엔에프테크놀로지
328130,루닛
002350,넥센타이어
253590,네오셈
368770,파이버프로
348210,넥스틴
006380,카프로
001500,현대차증권
376300,디어유
017940,E1
452280,한선엔지니어링
089010,켐트로닉스
008060,대덕
002840,미원상사
272290,이녹스첨단소재
000640,동아쏘시오홀딩스
460930,현대힘스
015750,성우하이텍
003280,흥아해운
001530,DI동일
214430,아이쓰리시스템
0011T0,채비
453340,현대그린푸드
041830,인바디
475960,토모큐브
067160,SOOP
039130,하나투어
024850,HLB이노베이션
005810,풍산홀딩스
486990,노타
002240,고려제강
005389,현대차3우B
041960,코미팜
460860,동국제강
278280,천보
452260,한화갤러리아
019170,신풍제약
104830,원익머트리얼즈
011930,신성이엔지
268280,미원에스씨
078160,메디포스트
093320,케이아이엔엑스
383310,에코프로에이치엔
354320,알멕
425040,티이엠씨
372320,큐로셀
003545,대신증권우
010820,퍼스텍
122640,예스티
200710,에이디테크놀로지
020000,한섬
493280,아이엠바이오로직스
005420,코스모화학
009900,명신산업
015860,일진홀딩스
025980,아난티
271940,일진하이솔루스
332570,PS일렉트로닉스
101930,인화정공
042000,카페24
060280,큐렉소
003300,한일홀딩스
008730,율촌화학
094800,맵스리얼티
377740,바이오노트
009410,태영건설
045100,한양이엔지
003000,부광약품
099190,아이센스
078350,한양디지텍
393890,더블유씨피
284740,쿠쿠홈시스
069540,빛과전자
340570,티앤엘
006910,보성파워텍
211050,인카금융서비스
389500,에스비비테크
230360,에코마케팅
290550,디케이티
018290,브이티
125490,한라캐스트
041190,우리기술투자
031430,신세계인터내셔날
014830,유니드
016610,DB증권
001200,유진투자증권
448900,한국피아이엠
002030,아세아
034310,NICE
130660,한전산업
381970,케이카
034950,한국기업평가
356680,엑스게이트
005945,NH투자증권우
036620,감성코퍼레이션
006405,삼성SDI우
448730,삼성FN리츠
035890,서희건설
330860,네패스아크
064260,다날
468530,프로티나
092790,넥스틸
110990,디아이티
138080,오이솔루션
000070,삼양홀딩스
251970,펌텍코리아
254490,미래반도체
170920,엘티씨
030520,한글과컴퓨터
004690,삼천리
145990,삼양사
013030,하이록코리아
488900,비츠로넥스텍
287840,인투셀
027410,BGF
025320,시노펙스
950210,프레스티지바이오파마
004710,한솔테크닉스
0120G0,삼양바이오팜
015360,INVENI
080580,오킨스전자
168360,펨트론
215200,메가스터디교육
039440,에스티아이
078130,국일제지
025900,동화기업
187660,페니트리움바이오
095660,네오위즈
000157,두산2우B
357120,코람코라이프인프라리츠
243070,휴온스
107640,한중엔시에스
079940,가비아
047920,HLB제약
101160,월덱스
072710,농심홀딩스
179900,유티아이
090435,아모레퍼시픽우
306200,세아제강
016590,신대양제지
482630,삼양엔씨켐
376270,HEM파마
317330,덕산테코피아
114810,한솔아이원스
144960,뉴파워프라즈마
042520,한스바이오메드
403550,쏘카
084110,휴온스글로벌
119850,지엔씨에너지
029530,신도리코
417310,코람코더원리츠
017810,풀무원
344820,KCC글라스
105840,우진
067630,HLB생명과학
215600,신라젠
230240,에치에프알
006220,제주은행
417840,저스템
145720,덴티움
004700,조광피혁
079370,제우스
126720,수산인더스트리
394280,오픈엣지테크놀로지
424870,이뮨온시아
441270,파인엠텍
170900,동아에스티
206650,유바이오로직스
484590,삼양컴텍
389650,넥스트바이오메디컬
060980,HL홀딩스
002710,TCC스틸
098070,한텍
117730,티로보틱스
092870,엑시콘
455900,엔젤로보틱스
002810,삼영무역
219130,타이거일렉
089590,제주항공
025860,남해화학
005610,삼립
234340,헥토파이낸셜
012030,DB
010690,화신
183190,아세아시멘트
241770,메카로
452430,사피엔반도체
078020,LS증권
192650,드림텍
105630,한세실업
005950,이수화학
265520,AP시스템
058430,포스코스틸리온
046970,우리로
204620,글로벌텍스프리
001230,동국홀딩스
085910,네오티스
036890,진성티이씨
097520,엠씨넥스
101730,위메이드맥스
064820,케이프
065680,우주일렉트로
042370,비츠로테크
029460,케이씨
092230,KPX홀딩스
034830,한국토지신탁
003800,에이스침대
009160,SIMPAC
009290,광동제약
011760,현대코퍼레이션
005720,넥센
220100,퓨쳐켐
355150,코스텍시스
084010,대한제강
160980,싸이맥스
0001A0,덕양에너젠
016800,퍼시스
200880,서연이화
450950,아스테라시스
078520,에이블씨엔씨
304360,에스바이오메딕스
091700,파트론
089980,상아프론테크
091810,트리니티항공
003720,삼영
035810,이지홀딩스
194370,제이에스코퍼레이션
025770,한국정보통신
001390,KG케미칼
036170,에이치엠넥스
002900,TYM
078340,컴투스
092460,한라IMS
094360,칩스앤미디어
228760,지노믹트리
104700,한국철강
018250,애경산업
200130,콜마비앤에이치
0082N0,카나프테라퓨틱스
084690,대상홀딩스
448280,에코아이
274090,켄코아에어로스페이스
298830,슈어소프트테크
000650,천일고속
086390,유니테스트
241520,DSC인베스트먼트
069080,웹젠
078150,HB테크놀러지
308430,셀비온
126560,현대퓨처넷
001940,KISCO홀딩스
378340,필에너지
026890,스틱인베스트먼트
445090,에이직랜드
200670,휴메딕스
200470,에이팩트
002310,아세아제지
007690,국도화학
084990,헬릭스미스
194700,노바렉스
180400,DXVX
049070,인탑스
018310,삼목에스폼
459510,나우로보틱스
02826K,삼성물산우B
099430,바이오플러스
456010,아이씨티케이
024720,콜마홀딩스
136480,하림
054210,이랜텍
203650,드림시큐리티
017860,DS단석
0008Z0,에스엔시스
084850,아이티엠반도체
144510,지씨셀
061970,LB세미콘
036200,유니셈
064290,인텍플러스
005010,휴스틸
073490,LIG아큐버
475400,씨메스로보틱스
389260,대명에너지
108670,LX하우시스
065660,안트로젠
012860,모베이스전자
236200,슈프리마
041920,메디아나
462350,이노스페이스
033270,유나이티드제약
478340,나라스페이스테크놀로지
272450,진에어
286940,롯데이노베이트
001750,한양증권
494120,큐리오시스
046120,오르비텍
114190,강원에너지
418550,제이오
017390,서울가스
318060,그래피
053030,바이넥스
394420,리센스메디컬
001250,GS글로벌
394800,쓰리빌리언
043150,바텍
900140,엘브이엠씨홀딩스
199820,제일일렉트릭
123890,한국자산신탁
092730,네오팜
243840,신흥에스이씨
014940,오리엔탈정공
011500,한농화성
005500,삼진제약
314930,바이오다인
365270,큐라클
051500,CJ프레시웨이
151860,KG에코솔루션
112290,와이씨켐
088800,에이스테크
064850,에프앤가이드
217730,강스템바이오텍
000680,LS네트웍스
091580,상신이디피
003920,남양유업
128820,대성산업
096760,JW홀딩스
023410,유진기업
215000,골프존
474650,링크솔루션
338840,와이바이오로직스
036800,나이스정보통신
093520,매커스
352480,씨앤씨인터내셔널
004380,삼익THK
098120,마이크로컨텍솔
035600,KG이니시스
108860,셀바스AI
451760,컨텍
037710,광주신세계
004430,송원산업
058970,엠로
054950,제이브이엠
389020,자람테크놀로지
334890,이지스밸류플러스리츠
418420,라온텍
051360,토비스
060720,KH바텍
002320,한진
472850,폰드그룹
321550,티움바이오
049630,재영솔루텍
0015G0,그린광학
003520,영진약품
309710,아이티켐
475560,더본코리아
004360,세방
382800,지앤비에스 에코
000050,경방
088260,이리츠코크렙
439090,마녀공장
003960,사조대림
067390,아스트
244920,에이플러스에셋
182400,엔케이젠바이오텍코리아
001460,BYC
023760,한국캐피탈
003120,일성아이에스
008490,서흥
037270,YG PLUS
100120,뷰웍스
416180,신성에스티
267980,매일유업
272110,케이엔제이
402490,그린리소스
125020,티씨머티리얼즈
043370,피에이치에이
064550,바이오니아
094480,갤럭시아머니트리
115450,HLB테라퓨틱스
095500,미래나노텍
092220,KEC
052710,아모텍
900290,GRT
357550,석경에이티
000490,대동
000430,대원강업
121800,비덴트
006805,미래에셋증권우
005680,삼영전자
0030R0,대신밸류리츠
432720,퀄리타스반도체
377460,큐에이드
134380,미원화학
034120,SBS
099440,스맥
419530,SAMG엔터
001340,PKC
051370,인터플렉스
101360,에코앤드림
226320,잇츠한불
044450,KSS해운
013890,지누스
000540,흥국화재
136490,선진
0088M0,메쥬
017890,한국알콜
251370,와이엠티
003200,일신방직
003070,코오롱글로벌
019010,베뉴지
000320,노루홀딩스
950170,JTC
294570,쿠콘
290690,소룩스
241590,화승엔터프라이즈
322310,오로스테크놀로지
011560,세보엠이씨
122900,아이마켓코리아
092200,디아이씨
092070,디엔에프
138360,앤로보틱스
206640,바디텍메드
190510,나무가
001790,대한제당
012210,삼미금속
067080,대화제약
353810,이지바이오
432320,KB스타리츠
036030,케이티알파
018000,유니슨
0007C0,아크릴
138610,나이벡
461300,아이스크림미디어
005430,한국공항
053690,한미글로벌
377190,디앤디플랫폼리츠
001780,알루코
054450,텔레칩스
078070,유비쿼스홀딩스
007160,사조산업
348950,제이알글로벌리츠
314130,지놈앤컴퍼니
004310,현대약품
255220,SG
119610,인터로조
030210,다올투자증권
045390,대아티아이
484810,티엑스알로보틱스
012610,경인양행
226590,엠디바이스
211270,AP위성
005710,대원산업
123860,아나패스
307180,아이엘
361390,제노코
488280,에스투더블유
068930,디지털대성
033920,무학
001630,종근당홀딩스
004560,현대비앤지스틸
288180,케이피항공산업
210980,SK디앤디
232530,이엠티
013120,동원개발
033530,SJG세종
009470,삼화전기
053300,한국정보인증
404990,신한서부티엔디리츠
012200,계양전기
010580,에스엠벡셀
035510,신세계 I&C
084680,이월드
009680,모토닉
094820,일진파워
000480,CR홀딩스
004980,성신양회
382900,범한퓨얼셀
061090,세나테크놀로지
035150,백산
025000,KPX케미칼
372170,윤성에프앤씨
126600,BGF에코머티리얼즈
304100,솔트룩스
176750,듀켐바이오
126700,하이비젼시스템
010955,S-Oil우
034810,해성산업
086820,바이오솔루션
256840,한국비엔씨
487580,폴레드
298690,에어부산
117580,대성에너지
051905,LG생활건강우
122990,와이솔
001130,대한제분
108380,대양전기공업
083310,엘오티베큠
209640,와이제이링크
008350,남선알미늄
481070,에이유브랜즈
214180,헥토이노베이션
159010,아스플로
484120,도우인시스
065710,서호전기
457550,우진엔텍
042600,새로닉스
003555,LG우
474170,루미르
102460,이연제약
237880,클리오
405100,큐알티
001080,만호제강
03473K,SK우
464080,에스오에스랩
011690,와이투솔루션
003650,미창석유
357880,SKAI
095570,AJ네트웍스
102120,어보브반도체
053210,스카이라이프
264850,이랜시스
003220,대원제약
052330,코텍
024060,흥구석유
036710,심텍홀딩스
446540,메가터치
380540,옵티코어
039840,디오
028100,동아지질
339770,교촌에프앤비
388050,지투파워
058820,CMG제약
487570,HS효성
221800,지구홀딩스
187790,나노
199430,케이엔알시스템
216080,제테마
000390,SP삼화
102260,동성케미컬
194480,데브시스터즈
039570,HDC랩스
036560,KZ정밀
003350,한국화장품제조
016580,환인제약
462860,더즌
402030,코난테크놀로지
458650,성우
489500,엘케이켐
007860,서연
121440,골프존홀딩스
003547,대신증권2우B
013580,계룡건설
260970,에스앤디
000140,하이트진로홀딩스
024840,KBI메탈
264450,유비쿼스
950140,잉글우드랩
002150,도화엔지니어링
452450,피아이이
071200,인피니트헬스케어
083930,아바코
039860,나노엔텍
260870,SK시그넷
166480,코아스템켐온
417010,나노팀
285490,노바텍
118990,모트렉스
036190,금화피에스시
003610,방림
270660,에브리봇
380550,뉴로핏
100250,진양홀딩스
308080,바이젠셀
293580,나우IB
271980,제일약품
000860,강남제비스코
445180,퓨릿
125210,아모그린텍
140670,알에스오토메이션
016790,현대사료
146320,비씨엔씨
041020,폴라리스오피스
095700,제넥신
371950,풍원정밀
044820,코스맥스비티아이
080160,모두투어
234080,JW생명과학
147830,제룡산업
032620,GC메디아이
232680,라온로보틱스
104480,티케이케미칼
289930,웨이비스
289080,SV인베스트먼트
101530,해태제과식품
007570,일양약품
042420,네오위즈홀딩스
377450,리파인
060150,인선이엔티
079960,동양이엔피
474610,RF시스템즈
192440,슈피겐코리아
163730,핑거
002100,경농
234690,녹십자웰빙
025820,이구산업
001045,CJ우
016880,웅진
066620,국보디자인
126730,코칩
403850,더핑크퐁컴퍼니
293780,압타바이오
143160,아이디스
101170,우림피티에스
039560,다산네트웍스
222040,코스맥스엔비티
083500,에프엔에스테크
018470,조일알미늄
073010,케이에스피
293480,하나제약
003460,유화증권
015230,대창단조
000300,DH오토넥스
323350,다원넥스뷰
059120,아진엑스텍
203400,에이비온
092130,이크레더블
149950,아바텍
101970,우양에이치씨
097955,CJ제일제당 우
007330,푸른저축은행
140610,엔솔바이오사이언스
259630,엠플러스
031440,신세계푸드
179290,엠아이텍
081000,일진다이아
0011A0,액스비스
264660,씨앤지하이테크
119830,아이텍
460850,동국씨엠
143240,사람인
004090,한국석유
267320,나인테크
011785,금호석유화학우
000520,삼일제약
400760,NH올원리츠
321370,센서뷰
024800,유성티엔에스
016450,한세예스24홀딩스
040160,누리플렉스
017510,세명전기
047310,파워로직스
299030,하나기술
462520,조선내화
038390,레드캡투어
396270,넥스트칩
006060,화승인더
049430,코메론
086980,쇼박스
037560,LG헬로비전
187870,디바이스
032580,피델릭스
123410,코리아에프티
000020,동화약품
049960,쎌바이오텍
115310,인포바인
002170,SYTS
051980,중앙첨단소재
005960,동부건설
213500,한솔제지
046440,KG파이낸셜
106190,하이텍팜
123330,제닉
473980,노머스
220260,켐트로스
011040,경동제약
452190,한빛레이저
240550,동방메디컬
023910,대한약품
282880,코윈테크
056090,시지메드텍
054800,아이디스홀딩스
307750,국전
013990,아가방컴퍼니
204610,티쓰리
054920,한컴위드
297890,HB솔루션
003480,한진중공업홀딩스
082800,비보존 제약
071840,롯데하이마트
037030,파워넷
039830,오로라
017550,수산세보틱스
066410,버킷스튜디오
115500,케이씨에스
007610,선도전기
046070,코다코
090350,노루페인트
475230,엔알비
048870,시너지이노베이션
078890,가온그룹
412350,레이저쎌
002780,진흥기업
469610,이노테크
062970,한국첨단소재
340450,지씨지놈
003830,대한화섬
357580,아모센스
0004V0,엔비알모션
009070,KCTC
002990,금호건설
068790,DMS
158430,아톤
334970,프레스티지바이오로직스
297090,씨에스베어링
214420,토니모리
086890,이수앱지스
000970,한국주철관
008970,KBI동양철관
317400,자이에스앤디
192410,오늘이엔엠
172670,에이엘티
008830,대동기어
072870,메가스터디
005160,동국산업
114840,아이패밀리에스씨
408920,메쎄이상
053080,케이엔솔
381620,제닉스로보틱스
095190,신화프리텍
067280,멀티캠퍼스
242040,나무기술
093640,케이알엠
272550,삼양패키징
004150,한솔홀딩스
00279K,아모레퍼시픽홀딩스3우C
001360,삼성제약
950250,테라뷰
210540,디와이파워
011000,진원생명과학
001520,동양
290740,액트로
038290,마크로젠
086670,비엠티
041520,이엘씨
003100,선광
298000,효성화학
086960,MDS테크
077500,유니퀘스트
004960,한신공영
322180,LS티라유텍
108230,톱텍
023600,삼보판지
037070,파세코
217950,파마리서치바이오
000700,유수홀딩스
037350,성도이엔지
013520,화승코퍼레이션
396300,세아메카닉스
002230,피에스텍
093190,빅솔론
105330,케이엔더블유
001540,안국약품
027710,팜스토리
004970,신라교역
217270,넵튠
066430,아이로보틱스
148150,세경하이테크
069510,에스텍
453450,그리드위즈
015890,태경산업
129920,대성하이텍
041440,현대에버다임
008040,사조동아원
088130,동아엘텍
078000,텔코웨어
052420,오성첨단소재
094280,효성ITX
365330,에스와이스틸텍
333430,일승
049720,고려신용정보
214390,경보제약
212560,네오오토
084670,동양고속
014280,금강공업
009580,무림P&P
263860,지니언스
005990,매일홀딩스
338220,뷰노
136540,윈스테크넷
067990,도이치모터스
021080,에이티넘인베스트
012800,대창
323990,박셀바이오
142210,유니트론텍
016740,두올
235980,메드팩토
002620,제일파마홀딩스
027970,한국제지
388790,라이콤
115440,우리넷
089470,HDC현대EP
300080,플리토
040300,YTN
080420,모다이노칩
142280,녹십자엠에스
025560,미래산업
032940,원익
417500,제이아이테크
063570,NICE인프라
223250,드림씨아이에스
214680,디알텍
047560,이스트소프트
107590,미원홀딩스
070960,모나용평
007540,샘표
336680,탑런토탈솔루션
020120,키다리스튜디오
33626K,두산퓨얼셀1우
225190,LK삼양
092040,아미코젠
267290,경동도시가스
269620,시스웍
217820,원익피앤이
024090,디씨엠
079430,현대리바트
282720,금양그린파워
122450,KX
009270,신원
004080,신흥
307930,컴퍼니케이
054540,삼영엠텍
123040,엠에스오토텍
156100,엘앤케이바이오
089600,KT나스미디어
053700,삼보모터스
006620,동구바이오제약
010100,한국무브넥스
306620,지아이에스
250060,모비스
005860,한일사료
107600,새빗켐
085670,뉴프렉스
013310,아진산업
253840,수젠텍
011280,태림포장
012320,경동인베스트
016710,대성홀딩스
019180,티에이치엔
396470,워트
049080,기가레인
366030,공구우먼
263720,디앤씨미디어
065450,빅텍
025620,차AI헬스케어
005800,신영와코루
350520,이지스레지던스리츠
071280,로체시스템즈
021320,KCC건설
021820,세원정공
310200,애니플러스
036690,코맥스
255440,야스
339950,아이비김영
950130,엑세스바이오
014530,극동유화
234030,싸이닉솔루션
002390,한독
042510,라온시큐어
493330,지에프아이
004250,NPC
049950,미래컴퍼니
090850,현대이지웰
100590,머큐리
083420,그린케미칼
182360,큐브엔터
052900,KX하이텍
123690,한국화장품
047820,초록뱀미디어
002460,HS화성
131030,옵투스제약
475580,에이럭스
456070,이엔셀
067900,와이엔텍
014710,사조씨푸드
205100,엑셈
002220,한일철강
322510,제이엘케이
215100,로보로보
076610,해성옵틱스
389030,지니너스
002450,삼익악기
001020,페이퍼코리아
015590,DKME
052260,현대바이오랜드
360070,탑머티리얼
256940,킵스파마
0007J0,인벤테라
014580,태경비케이
009780,엠에스씨
141000,비아트론
033340,좋은사람들
001290,상상인증권
330730,스톤브릿지벤처스
054050,NH농우바이오
035000,HS애드
227840,현대코퍼레이션홀딩스
073560,우리손에프앤지
025950,동신건설
041590,플래스크
039980,폴라리스AI
109740,디에스케이
045970,코아시아
047770,코데즈컴바인
011700,한신기계
049520,유아이엘
029480,광무
034590,인천도시가스
331920,셀레믹스
139990,아주스틸
226400,오스테오닉
309960,LB인베스트먼트
109610,에스와이
038540,상상인
248170,샘표식품
018120,진로발효
317770,엑스페릭스
013570,디와이
096250,와이즈넛
059270,해성에어로보틱스
038110,에코플라스틱
051160,지어소프트
464490,쿼드메디슨
089230,THE E&M
035080,그래디언트
120030,조선선재
000440,중앙에너비스
072950,빛샘전자
382840,원준
131370,알서포트
149980,하이로닉
229500,노브메타파마
100130,동국S&C
413630,씨피시스템
408470,한패스
104460,디와이피엔에프
036010,아비코전자
363280,티와이홀딩스
023900,풍국주정
032300,한국파마
067830,세이브존I&C
004590,한국가구
262260,에이프로
357230,에이치피오
067000,조이시티
136150,원일티엔아이
066310,큐에스아이
228850,레이언스
246710,티앤알바이오팹
023800,인지컨트롤스
443670,에스피소프트
007210,벽산
290720,푸드나무
011810,STX
267850,아시아나IDT
004140,동방
225530,HC보광산업
078140,대봉엘에스
059210,메타바이오메드
052860,아이앤씨
100700,세운메디칼
014160,대영포장
086710,선진뷰티사이언스
036420,콘텐트리중앙
024880,케이피에프
044990,에이치엔에스하이텍
096240,크레버스
205470,휴마시스
0015S0,페스카로
074430,아미노로직스
417970,모델솔루션
331740,아우토크립트
311320,지오엘리먼트
265740,엔에프씨
039340,한국경제TV
090470,제이스로보틱스
217330,싸이토젠
036220,오상헬스케어
476040,오가노이드사이언스
337930,젝시믹스
058850,KTcs
091120,이엠텍
042500,링네트
063170,서울옥션
117670,알파칩스
321260,프로이천
228670,레이
298540,더네이쳐홀딩스
094840,슈프리마에이치큐
023450,동남합성
264900,크라운제과
041930,SY동아
019550,SBI인베스트먼트
036580,팜스코
019680,대교
006840,AK홀딩스
079810,APS이노베이션
036630,세종텔레콤
084650,랩지노믹스
014790,HL D&I
033290,로젠
119650,KC코트렐
101330,모베이스
251120,바이오에프디엔씨
032560,황금에스티
066700,테라젠이텍스
053580,웹케시
078935,GS우
009300,삼아제약
246720,아스타
389140,포바이포
451220,아이엠티
212710,아이에스티이
003310,대주산업
424960,스마트레이더시스템
352090,스톰테크
048550,SM C&C
273640,와이엠텍
066980,한성크린텍
005870,휴니드
008260,NI스틸
053260,금강철강
099750,이지케어텍
120240,대정화금
063080,컴투스홀딩스
004100,태양금속
330350,위더스제약
088390,이녹스
382480,지아이텍
101670,하이드로리튬
054620,APS
066790,씨씨에스
002200,한국수출포장
411080,샌즈랩
185490,아이진
068240,다원시스
173130,오파스넷
460940,피앤에스로보틱스
010660,화천기계
008700,아남전자
063160,종근당바이오
095720,웅진씽크빅
005740,크라운해태홀딩스
205500,넥써쓰
432470,케이엔에스
489460,바이오비쥬
175140,휴먼테크놀로지
007110,일신석재
081180,쎄크
348350,위드텍
370090,퓨런티어
294630,서남
303810,동국생명과학
030960,양지사
035610,솔본
950190,고스트스튜디오
048530,인트론바이오
001275,부국증권우
163560,동일고무벨트
317830,에스피시스템스
290660,다이나믹솔루션
043610,KT지니뮤직
37550L,DL이앤씨2우(전환)
002210,동성제약
208370,셀바스헬스케어
058860,KTis
002700,신일전자
072020,중앙백신
014440,영보화학
093920,서원인텍
066590,스모트로닉
024740,한일단조
448710,코츠테크놀로지
010280,아이티센엔텍
299660,셀리드
362320,청담글로벌
040910,아이씨디
067170,오텍
377480,마음AI
006660,삼성공조
011370,서한
058630,엠게임
000230,일동홀딩스
215790,이노인스트루먼트
007820,엠엑스로보틱스
251630,브이원텍
006140,피제이전자
0015N0,아로마티카
277880,티에스아이
040420,정상제이엘에스
302430,이노메트리
265560,영화테크
094940,푸른기술
418470,KT밀리의서재
014970,삼륭물산
082850,우리바이오
006890,태경케미컬
081150,티플랙스
004840,DRB동일
463020,뉴엔AI
041910,폴라리스AI파마
017370,우신시스템
007460,에이프로젠
347890,엠엑스온
203690,아크솔루션스
003580,HLB글로벌
054670,대한뉴팜
023000,삼원강재
025550,한국선재
067290,JW신약
091440,한울소재과학
419050,삼기에너지솔루션즈
026150,특수건설
004890,동일산업
388870,파로스아이바이오
031820,아이티센씨티에스
000590,CS홀딩스
019540,일지테크
024830,세원물산
061040,알에프텍
055490,테이팩스
060590,씨티씨바이오
079980,휴비스
065440,이루온
004650,창해에탄올
096775,SK이노베이션우
452200,민테크
007980,TP
234300,에스트래픽
227950,엔투텍
085310,엔케이
038460,바이오스마트
302550,리메드
261780,차백신연구소
191420,테고사이언스
131400,이브이첨단소재
201490,미투온
307870,비투엔
083790,CG인바이츠
058400,KNN
413390,엠오티
439580,블루엠텍
217190,제너셈
105740,디케이락
137950,제이씨케미칼
096350,대창솔루션
170030,현대공업
048770,TPC로보틱스
002600,조흥
011150,CJ씨푸드
084730,팅크웨어
039010,현대에이치티
002720,국제약품
263600,덕우전자
054040,한국컴퓨터
012700,리드코프
171120,라이온켐텍
036090,위지트
065530,와이어블
950220,네오이뮨텍
049180,셀루메드
010960,삼호개발
183490,엔지켐생명과학
017650,대림제지
124560,태웅로직스
067570,엔브이에이치코리아
005750,대림바스
348150,고바이오랩
009180,한솔로지스틱스
110790,크리스에프앤씨
044340,위닉스
338100,NH프라임리츠
299170,더블유에스아이
000180,성창기업지주
111380,동인기연
463480,모티브링크
065510,휴비츠
443250,레뷰코퍼레이션
000105,유한양행우
033230,인성정보
056360,코위버
123010,알엔티엑스
007590,동방아그로
238090,앤디포스
175250,아이큐어
130580,나이스디앤비
013870,지엠비코리아
140070,서플러스글로벌
475430,키스트론
095270,웨이브일렉트로
020710,시공테크
412540,제일엠앤에스
241690,유니테크노
037760,쎄니트
168330,내츄럴엔도텍
049480,오픈베이스
013360,일성건설
453860,에이에스텍
217500,러셀
036640,HRS
391710,코닉오토메이션
067370,선바이오
001470,삼부토건
039610,화성밸브
222160,NPX
35320K,대덕전자1우
011320,유니크
315640,딥노이드
002800,신신제약
311690,CJ 바이오사이언스
048430,유라테크
013700,까뮤이앤씨
038680,에스넷
478560,블랙야크아이앤씨
001260,남광토건
100220,비상교육
004720,팜젠사이언스
088280,쏘닉스
080010,이상네트웍스
451250,삐아
208140,정다운
216050,인크로스
340360,다보링크
347000,센코
155650,와이엠씨
006090,사조오양
001560,제일연마
128660,피제이메탈
222110,팬젠
053280,예스24
347860,알체라
109070,주성코퍼레이션
192250,케이사인
092300,현우산업
215360,우리산업
111710,남화산업
069730,DSR제강
004440,삼일씨엔에스
032850,비트컴퓨터
102370,케이옥션
000850,화천기공
018500,동원금속
145170,노브랜드
382150,온코크로스
187420,HLB제넥스
461030,아이엠비디엑스
459100,위츠
320000,한울반도체
017480,삼현철강
033320,제이씨현시스템
071090,하이스틸
048910,대원미디어
126880,제이엔케이글로벌
071670,에이테크솔루션
060560,HC홈센타
234100,폴라리스세원
180060,탑선
060310,3S
147760,피엠티
046940,우원개발
095910,에스에너지
043710,코스리거글로벌
143540,영우디에스피
007280,한국특강
019990,에너토크
037440,희림
153710,옵티팜
032540,TJ미디어
134580,탑코미디어
016090,대현
123420,위메이드플레이
263800,데이타솔루션
068290,삼성출판사
012690,모나리자
014950,삼익제약
046210,HLB파나진
241790,티이엠씨씨엔에스
010040,한국내화
042110,에스씨디
003010,혜인
027830,대성창투
061250,화일약품
360350,코셈
204840,지엘팜텍
900260,로스웰
373200,엑스플러스
045660,에이텍
003925,남양유업우
120115,코오롱인더우
014470,부방
232830,아이티센피엔에스
305090,마이크로디지탈
009200,무림페이퍼
234920,자이글
291650,압타머사이언스
006880,신송홀딩스
333620,엔시스
009770,삼정펄프
900250,크리스탈신소재
424980,마이크로투나노
417790,트루엔
053450,세코닉스
099220,SDN
089850,유비벨록스
003780,진양산업
043650,국순당
452400,이닉스
444530,심플랫폼
214330,금호에이치티
073640,테라사이언스
332370,아이디피
109080,옵티시스
036000,예림당
033130,디지틀조선
207760,미스터블루
214260,라파스
104620,노랑풍선
038060,루멘스
002795,아모레퍼시픽홀딩스우
155660,DSR
016250,SGC E&C
041460,한국전자인증
104040,디에스엠
040350,크레오에스지
014910,성문전자
004540,깨끗한나라
111110,호전실업
122310,제노레이
021050,서원
189330,씨이랩
012790,신일제약
094850,참좋은여행
006980,우성
049550,잉크테크
348080,큐라티스
065130,탑엔지니어링
250030,진코스텍
278650,HLB바이오스텝
456570,아이엠지티
053050,지에스이
163280,에어레인
214270,FSN
408900,스튜디오미르
378850,화승알앤에이
060570,드림어스컴퍼니
109860,동일금속
067920,이글루
039240,경남스틸
005670,푸드웰
027050,코리아나
010240,흥국
189860,서전기전
101140,인바이오젠
317690,퀀타매트릭스
024910,경창산업
162300,신스틸
004060,SG세계물산
010470,오리콤
479960,위너스일렉
290670,대보마그네틱
480370,씨케이솔루션
446840,지슨
054300,팬스타엔터프라이즈
039020,이건홀딩스
000220,유유제약
039420,케이엘넷
136410,아셈스
373160,데이원컴퍼니
352910,오비고
033310,엠투엔
001550,조비
296160,프로젠
159580,제로투세븐
129260,인터지스
047400,유니온머티리얼
064800,포니링크
260930,씨티케이
347740,피엔케이피부임상연구센타
126640,화신정공
054930,유신
198080,캐프
092780,DYP
036120,서울평가정보
007370,진양제약
420570,제이투케이바이오
000725,현대건설우
040610,SG&G
064240,홈캐스트
036670,삼양케이씨아이
010770,평화홀딩스
001840,이화공영
001465,BYC우
100030,인지소프트
222420,쎄노텍
004410,서울식품
104540,코렌텍
294090,이오플로우
219550,디와이디
127980,화인써키트
053350,이니텍
198440,강동씨앤엘
246960,SCL사이언스
378800,샤페론
460470,아이빔테크놀로지
024900,디와이덕양
072470,우리산업홀딩스
053620,태양
023810,인팩
460870,에스엠씨지
396690,미래에셋글로벌리츠
0013V0,삼진식품
099410,동방선기
004830,덕성
004780,대륙제관
033170,시그네틱스
092440,기신정기
372910,한컴라이프케어
317850,대모
288620,에스프리즘
331380,포커스에이아이
199550,레이저옵텍
457370,한켐
072130,유엔젤
435570,에르코스
294140,레몬
005305,롯데칠성우
465480,인스피언
177900,쓰리에이로직스
008370,원풍
002760,보락
089790,제이티
263690,디알젬
384470,코어라인소프트
246690,TS인베스트먼트
037230,한국팩키지
114450,그린생명과학
052220,iMBC
011390,부산산업
072990,에이치시티
317530,에피소드컴퍼니
000910,유니온
458350,에스팀
015710,코콤
009835,한화솔루션우
137080,나래나노텍
002140,고려산업
088910,동우팜투테이블
950200,소마젠
273060,와이즈버즈
303360,프로티아
072770,멤레이비티
004770,써니전자
184230,SGA솔루션즈
058730,다스코
053270,구영테크
004450,삼화왕관
261520,이지스
001620,케이비아이동국실업
170790,파이오링크
099520,DGI
021880,메이슨캐피탈
229000,젠큐릭스
065500,오리엔트정공
299900,위지윅스튜디오
065170,비엘팜텍
082210,옵트론텍
196450,코아시아씨엠
045340,토탈소프트
245620,EDGC
196300,HLB펩
050960,수산아이앤티
037330,인지디스플레
094970,제이엠티
002630,오리엔트바이오
063440,SM Life Design
173940,에프엔씨엔터
104200,NHN벅스
226330,신테카바이오
351330,이삭엔지니어링
318160,셀바이오휴먼텍
007815,코리아써우
006370,대구백화점
123700,SJM
075180,새론오토모티브
189980,흥국에프엔비
009190,대양금속
317870,엔바이오니아
003465,유화증권우
105760,포스뱅크
042940,상지건설
340930,유일에너테크
070300,엑스큐어
393210,토마토시스템
038010,제일테크노스
261200,덴티스
068330,일신바이오
003475,유안타증권우
219420,링크제니시스
006490,인스코비
217480,에스디생명공학
033560,블루콤
376930,노을
450330,하스
053980,오상자이엘
025530,SJM홀딩스
369370,블리츠웨이엔터테인먼트
309930,조이웍스앤코
023350,한국종합기술
041650,상신브레이크
017180,명문제약
471820,셀로맥스사이언스
033830,티비씨
440290,HB인베스트먼트
004920,씨아이테크
024950,삼천리자전거
321820,아티스트컴퍼니
038070,서린바이오
007680,대원
256630,포인트엔지니어링
238120,얼라인드
037950,엘컴텍
277070,린드먼아시아
002410,범양건영
014190,원익큐브
413640,비아이매트릭스
466410,사이냅소프트
218150,미래생명자원
073110,엘엠에스
153460,네이블
150900,파수AI
078590,휴림에이텍
016600,큐캐피탈
171010,램테크놀러지
223310,사토시홀딩스
035460,기산텔레콤
066670,디티씨
052790,액토즈소프트
357250,미래에셋맵스리츠
105550,엣지파운드리
189690,포시에스
127710,아시아경제
096610,알에프세미
419080,엔젯
004910,조광페인트
289220,자이언트스텝
090410,덕신이피씨
090080,평화산업
314140,알피바이오
37550K,DL이앤씨우
020760,일진디스플
179530,애드바이오텍
060850,영림원소프트랩
093240,형지엘리트
051390,YW
393970,대진첨단소재
361570,알비더블유
106240,파인테크닉스
097870,효성오앤비
419120,산돌
097800,윈팩
297570,알로이스
28513K,SK케미칼우
451700,엔에이치스팩29호
0010V0,제이피아이헬스케어
190650,코리아에셋투자증권
006125,SK디스커버리우
406820,뷰티스킨
089150,케이씨티
100660,서암기계공업
056700,신화인터텍
365590,하이딥
307280,원바이오젠
011330,유니켐
066130,하츠
215090,솔디펜스
012280,영화금속
452300,캡스톤파트너스
352700,씨앤투스
027740,마니커
237820,플레이디
257990,나우코스
459550,알트
051490,나라엠앤디
239890,피엔에이치테크
263020,디케이앤디
057540,옴니시스템
009320,아진전자부품
003080,SB성보
206560,덱스터
007530,와이엠
082660,코스나인
407400,꿈비
418250,시큐레터
260660,알리코제약
376290,씨유테크
250000,보라티알
081580,성우전자
008420,문배철강
050110,캠시스
053160,프리엠스
023440,제이스코홀딩스
000950,전방
311390,네오크레마
364950,에이아이코리아
086040,바이오톡스텍
001210,금호전기
002920,유성기업
069410,엔텔스
002290,삼일기업공사
069460,대호에이엘
000890,보해양조
065650,하이퍼코퍼레이션
044960,이글벳
031310,아이즈비전
452160,제이엔비
432430,와이랩
122350,삼기
011420,갤럭시아에스엠
215380,우정바이오
032790,엠젠솔루션
066910,손오공
026940,부국철강
043910,자연과환경
004870,티웨이홀딩스
023960,에쓰씨엔지니어링
133820,화인베스틸
464280,티디에스팜
005030,부산주공
122690,서진오토모티브
131760,파인텍
429270,시지트로닉스
096630,에스코넥
103840,우양
049800,우진플라임
074610,이엔플러스
263770,유에스티
335810,프리시젼바이오
025880,케이씨피드
049470,비트플래닛
064480,브리지텍
221840,하이즈항공
340440,세림B&G
178780,일월지엠엘
263810,상신전자
288330,파라택시스코리아
430690,한싹
088340,유라클
186230,그린플러스
083550,케이엠
403490,우듬지팜
476080,M83
008870,금비
052460,아이크래프트
033540,파라텍
263700,케어랩스
256150,한독크린텍
129890,앱코
200580,메디쎄이
332290,누보
119500,포메탈
219750,한국비티비
044480,빌리언스
200780,비씨월드제약
020180,대신정보통신
464500,아이언디바이스
286750,나노실리칸첨단소재
128540,에코캡
049830,승일
475460,미트박스
434480,모니터랩
258790,소프트캠프
481850,신한글로벌액티브리츠
026040,제이에스티나
014990,인디에프
046390,삼화네트웍스
019770,서연탑메탈
079000,와토스코리아
0010F0,보원케미칼
109820,진매트릭스
199480,뱅크웨어글로벌
306040,에스제이그룹
091590,남화토건
066360,체리부로
003060,에이프로젠바이오로직스
053950,경남제약
050860,아세아텍
204020,그리티
140520,대창스틸
087600,픽셀플러스
046310,백금T&A
009140,경인전자
351320,넥사다이내믹스
007120,미래아이앤지
290090,트윔
000760,이화산업
220180,핸디소프트
160550,NEW
084870,TBH글로벌
013000,세우글로벌
224110,에이텍모빌리티
195500,마니커에프앤지
101240,씨큐브
123570,이엠넷
019490,엑시큐어하이트론
024120,KB오토시스
002870,신풍
258610,케일럼
355390,크라우드웍스
012160,영흥
014570,고려제약
032960,동일기연
006920,모헨즈
043340,에쎈테크
066900,디에이피
336060,웨이버스
203450,유니온바이오메트릭스
290120,DH오토리드
148250,알엔투테크놀로지
001380,SG글로벌
318410,비비씨
000215,DL우
059100,아이컴포넌트
310870,디와이씨
239610,에이치엘사이언스
221980,케이디켐
017040,광명전기
440320,오픈놀
140430,카티스
376180,피코그램
073570,리튬포어스
002360,SH에너지화학
340810,시선AI
228340,동양파일
064090,인크레더블버즈
355690,에이텀
051630,진양화학
002880,디와이에이
450520,인스웨이브
363260,모비데이즈
052600,한네트
054780,키이스트
058110,멕아이씨에스
011230,삼화전자
145270,케이탑리츠
300120,라온피플
153490,우리이앤엘하루틴
057030,YBM넷
032860,더라미
045060,오공
200350,아티스트스튜디오
254120,자비스
038870,에코심플렉스
133750,메가엠디
388610,지에프씨생명과학
025750,한솔홈데코
064520,테크엘
159910,에코글로우
080520,오디텍
050120,ES큐브
134790,시디즈
073540,에프알텍
356890,싸이버원
308170,씨티알모빌리티
037370,EG
206400,베노티앤알
347770,핌스
290520,신도기연
241840,에이스토리
005320,온타이드
016670,디모아
469750,아이비젼웍스
007720,소노스퀘어
011300,우성머티리얼스
022220,티케이지애강
024890,대원화성
900340,윙입푸드
271830,팸텍
006345,대원전선우
373170,엠아이큐브솔루션
075970,동국알앤에스
060540,에스에이티
277410,인산가
208860,다산디엠씨
363250,진시스템
270870,뉴트리
071850,캐스텍코리아
195990,에이비프로바이오
065950,웰크론
094860,네오리진
387570,파인메딕스
008250,이건산업
025440,DH오토웨어
196490,디에이테크놀로지
262840,아이퀘스트
002420,세기상사
169330,엠브레인
318020,포인트모바일
131100,티엔엔터테인먼트
284620,카이노스메드
475660,에스켐
351870,차이커뮤니케이션
003535,한화투자증권우
238490,힘스
075130,플랜티넷
068050,팬엔터테인먼트
068940,셀피글로벌
187270,신화콘텍
043200,파루
263050,유틸렉스
122830,원포유
359090,씨엔알리서치
047080,한빛소프트
006050,국영지앤엠
010640,진양폴리
087260,모바일어플라이언스
033200,모아텍
462510,라메디텍
039740,한국정보공학
225220,제놀루션
33637K,솔루스첨단소재1우
200230,텔콘RF제약
114630,폴라리스우노
019570,플루토스
243870,아이티센코어
002025,코오롱우
296640,이노에이엑스
177830,파버나인
004365,세방우
039290,인포뱅크
417860,오브젠
019175,신풍제약우
045300,성우테크론
455180,케이지에이
088790,진도
446440,에피바이오텍
257370,피엔티엠에스
263920,휴엠앤씨
109960,앱토크롬
005820,원림
063760,이엘피
089140,넥스턴앤롤코리아
318000,KBG
097780,에코볼트
130500,GH신소재
012620,원일특강
038880,아이에이
086060,진바이오텍
001000,신라섬유
112190,KC산업
006740,블루산업개발
021650,한국큐빅
198940,한주라이트메탈
290270,휴네시온
33626L,두산퓨얼셀2우B
027040,서울전자통신
121890,에스디시스템
317240,TS트릴리온
080530,코디
900310,컬러레이
288980,모아데이타
099390,브레인즈컴퍼니
045510,정원엔시스
056730,CNT85
317120,라닉스
035200,프럼파스트
333050,이노테나
162120,루켄테크놀러지스
464580,닷밀
495810,유비씨
900070,글로벌에스엠
057680,티사이언티픽
187220,디티앤씨
353590,오토앤
013810,스페코
023790,동일스틸럭스
354200,엔젠바이오
398120,에스지헬스케어
038950,파인디지털
079170,한창산업
462980,아이지넷
096690,에이루트
227420,도부
009810,플레이그램
013720,THE CUBE&
001070,대한방직
115160,휴맥스
342870,오아
252500,세화피앤씨
000040,KR모터스
051380,피씨디렉트
090370,메타랩스
354390,바스칸바이오제약
367000,플래티어
033050,제이엠아이
065370,위세아이텍
258830,세종메디칼
131220,대한과학
148780,비큐AI
405920,나라셀라
118000,메타케어
002690,동일제강
065770,CS
303530,이노뎁
001810,무림SP
237750,피앤씨테크
274400,이노시뮬레이션
017000,신원종합개발
290560,파라택시스이더리움
031510,오스템
006570,대림통상
018680,서울제약
024070,WISCOM
246250,에스엘에스바이오
424760,벨로크
227610,아우딘퓨쳐스
376980,원티드랩
090150,아이윈
003680,한성기업
014130,한익스프레스
008470,부스타
462310,뉴키즈온
048470,대동스틸
069640,한세엠케이
038620,위즈코프
383930,디티앤씨알오
438700,버넥트
002820,SUN&L
138070,신진에스엠
091340,S&K폴리텍
016100,리더스코스메틱
032750,삼진
142760,모아라이프플러스
239340,이스트에이드
298060,풍전약품
337840,유엑스엔
431190,케이쓰리아이
291230,엔피
023150,MH에탄올
068100,케이웨더
446070,유니드비티플러스
210120,캔버스엔
148930,에이치와이티씨
146060,율촌
058450,한주에이알티
091970,나노캠텍
318010,팜스빌
005360,모나미
019660,글로본
038530,케이바이오랩스
052300,오션인더블유
377220,프롬바이오
276730,한울앤제주
030720,동원수산
032680,소프트센
131090,시큐브
224060,더코디
053290,NE능률
024940,PN풍년
335870,윙스풋
208710,포톤
006200,한국전자홀딩스
010400,우진아이엔에스
009460,한창제지
311060,엘에이티
270210,에스알바이오텍
015260,에이엔피
043220,티에스넥스젠
032080,아즈텍WB
464680,KB제27호스팩
101000,KS인더스트리
226340,본느
233990,질경이
115480,씨유메디칼
434190,탈로스
067730,로지시스
080470,성창오토텍
331520,밸로프
002355,넥센타이어1우B
069140,누리플랜
267790,배럴
304840,피플바이오
115530,씨엔플러스
285800,진영
193250,링크드
005110,한창
115610,이미지스
418620,E8
900110,딥커머스
377030,비트맥스
143210,핸즈코퍼레이션
236810,엔비티
039310,세중
900300,오가닉티코스메틱
008775,호텔신라우
357430,마스턴프리미어리츠
093380,풍강
206950,볼빅
270520,앱튼
197140,디지캡
397810,애드포러스
044780,에이치케이
179720,머니무브
054090,삼진엘앤디
007770,한일화학
322970,무진메디
004270,남성
123840,뉴온
372800,아이티아이즈
060380,동양에스텍
043360,디지아이
123750,알톤
102950,아하
059180,엔더블유시
054220,비츠로시스
301300,바이브컴퍼니
003495,대한항공우
131180,딜리
049120,파인디앤씨
033250,체시스
036480,대성미생물
362990,드림인사이트
034940,조아제약
403360,라피치
103230,에스앤더블류
088290,이원컴포텍
208350,지란지교시큐리티
060230,제이케이시냅스
016920,카스
377330,이지트로닉스
053060,세동
037400,우리엔터프라이즈
018700,졸스
465770,STX그린로지스
139670,키네마스터
225590,패션플랫폼
005257,녹십자홀딩스2우
054940,엑사이엔씨
352940,인바이오
042040,케이피엠테크
021040,대호특수강
020400,대동금속
078860,아이오케이이엔엠
415380,스튜디오삼익
188040,바이오포트
101680,한국정밀기계
027580,상보
079650,서산
207490,에이펙스인텍
017250,인터엠
208640,썸에이지
109670,씨싸이트
070590,인티큐브
405000,플라즈맵
076340,지에이이노더스
457600,벡트
009310,참엔지니어링
023770,플레이위드
083470,이엠앤아이
222980,한국맥널티
065150,대산F&B
216400,인바이츠바이오코아
432980,엠에프씨
196700,웹스
403810,아이엘로보틱스
085810,알티캐스트
083640,인콘
067010,이씨에스
900270,헝셩그룹
115570,스타플렉스
303030,지니틱스
289010,아이스크림에듀
336040,타스컴
238200,비피도
137940,넥스트아이
389680,유디엠텍
101400,엔시트론
130740,티피씨글로벌
368600,아이씨에이치
011090,에넥스
050760,에스폴리텍
154030,아시아종묘
278990,EMB
353190,휴럼
177350,베셀
043590,웰킵스하이텍
001685,대상우
002070,비비안
080720,한국유니온제약
018620,우진비앤지
900100,파이온엑스
00499K,롯데지주우
113810,디젠스
191410,육일씨엔에쓰
312610,에이에프더블류
001420,태원물산
230980,비유테크놀러지
247660,나노씨엠에스
328380,솔트웨어
044380,주연테크
373110,엑셀세라퓨틱스
275630,에스에스알
279600,미디어젠
331660,한국미라클피플사
191600,블루탑
417180,핑거스토리
025890,한국주강
060900,에이전트AI
348030,모비릭스
215480,토박스코리아
365900,브이씨
098660,에스티오
084440,유비온
476710,타조이엔터테인먼트
012170,아센디오
065690,파커스
322780,코퍼스코리아
032280,삼일
076080,웰크론한텍
054410,케이피티유
419540,비스토스
092600,앤씨앤
015020,이스타코
169670,코스텍시스템
317860,노드메이슨
192390,윈하이텍
45226K,한화갤러리아우
071950,코아스
214610,롤링스톤
084180,수성웹툰
240600,유진테크놀로지
035620,바른손이앤에이
001770,SHD
134060,이퓨쳐
060480,국일신동
031860,디에이치엑스컴퍼니
222670,플럼라인생명과학
014100,메디앙스
002680,한탑
009730,이렘
032800,판타지오
079190,케스피온
048830,엔피케이
019685,대교우B
083660,CSA 코스믹
344860,이노진
032980,바이온
308100,형지글로벌
154040,다산솔루에타
035290,골드앤에스
254160,제이엠멀티
096870,엘디티
291810,핀텔
086220,광동헬스바이오
067770,세진티에스
008600,윌비스
368970,오에스피
009440,KC그린홀딩스
028080,휴맥스홀딩스
199730,바이오인프라
045520,크린앤사이언스
108675,LX하우시스우
361670,삼영에스앤씨
110020,전진바이오팜
225430,케이엠제약
482680,미래에셋비전스팩7호
241820,피씨엘
477380,미래에셋비전스팩4호
051780,큐로홀딩스
060260,뉴보텍
052960,태양3C
069330,유아이디
005725,넥센우
204210,JK리버스톤리츠
106520,노블엠앤비
065420,에스아이리소스
208850,이비테크
0072Z0,KB제33호스팩
18064K,한진칼우
000087,하이트진로2우B
0101C0,하나36호스팩
0130H0,엔에이치스팩33호
469880,하나30호스팩
477340,에이치엠씨제7호스팩
030350,드래곤플라이
025870,신라에스지
0044K0,삼성스팩10호
176590,코나솔
233250,메디안디노스틱
00806K,대덕1우
351020,미쥬
341170,퓨쳐메디신
001795,대한제당우
012205,계양전기우
227100,프로브잇
0115H0,삼성스팩13호
250930,예선테크
900120,씨엑스아이
0070X0,에스테크엠
217320,썬테크
473050,유안타제15호스팩
217880,틸론
00781K,코리아써키트2우B
478440,미래에셋비전스팩6호
188260,세니젠
008290,원풍물산
379390,이성씨엔아이
479880,한국제15호스팩
121850,코이즈
069920,엑시온그룹
0099W0,미래에셋비전스팩11호
140910,에이리츠
012340,뉴인텍
079950,인베니아
001515,SK증권우
050090,비케이홀딩스
352770,셀레스트라
026910,광진실업
009620,삼보산업
244460,올리패스
489480,키움제11호스팩
481890,엔에이치스팩31호
001755,한양증권우
0096B0,삼성스팩12호
149010,아이케이세미콘
477760,DB금융스팩12호
0097F0,미래에셋비전스팩10호
489730,디비금융제13호스팩
478390,KB제29호스팩
0093G0,미래에셋비전스팩8호
302920,더콘텐츠온
492220,KB제31호스팩
471050,대신밸런스제17호스팩
0037T0,KB제32호스팩
0099X0,IBKS제25호스팩
054180,메디콕스
0054V0,엔에이치스팩32호
0088D0,메리츠제1호스팩
065060,지엔코
0091W0,신영스팩11호
0131D0,키움히어로제2호스팩
011080,형지I&C
008500,일정실업
482520,교보16호스팩
065570,삼영이엔씨
456190,큐라켐
004255,NPC우
0041L0,하나35호스팩
482690,대신밸런스제19호스팩
38380K,LX홀딩스1우
004105,태양금속우
145995,삼양사우
0132G0,교보20호스팩
084695,대상홀딩스우
073190,듀오백
33637L,솔루스첨단소재2우B
224760,엔에스컴퍼니
469900,하나31호스팩
0071M0,삼성스팩11호
060240,스타코링크
487360,신한제14호스팩
253610,루트락
477470,미래에셋비전스팩5호
474660,신한제12호스팩
0105P0,유진스팩12호
474490,유안타제16호스팩
496070,신한제16호스팩
0129K0,신한제18호스팩
289170,바이오텐
236340,메디젠휴먼케어
486630,KB제30호스팩
0096D0,미래에셋비전스팩9호
0098T0,교보19호스팩
001067,JW중외제약2우B
489210,교보17호스팩
493790,유안타제17호스팩
0004Y0,디비금융제14호스팩
0130D0,신한제17호스팩
043100,알파AI
472220,신영스팩10호
478110,이베스트스팩6호
466690,키움히어로제1호스팩
498390,한화플러스제5호스팩
0041B0,교보18호스팩
003075,코오롱글로벌우
469480,IBKS제24호스팩
238500,솔루믹스
244880,나눔테크
488060,유진스팩11호
106080,케이이엠텍
145210,다이나믹디자인
484130,하나34호스팩
03481K,해성산업1우
000225,유유제약1우
178600,대동고려삼
464440,한국제13호스팩
473950,에스케이증권제13호스팩
114920,대주이엔티
465320,교보15호스팩
467930,IBKS제23호스팩
487830,신한제15호스팩
468760,유진스팩10호
103660,씨앗
0068Y0,비엔케이제3호스팩
472230,에스케이증권제11호스팩
487720,키움제10호스팩
189350,코셋
004835,덕성우
001065,JW중외제약우
0041J0,엘에스스팩1호
185190,수프로
004985,성신양회우
475250,하나33호스팩
079970,투비소프트
474930,신한제13호스팩
212310,오건에코텍
199150,데이터스트림즈
224810,엄지하우스
276040,스코넥
26490K,크라운제과우
000325,노루홀딩스우
251280,안지오랩
199290,바이오프로테크
066830,제노텍
473000,에스케이증권제12호스팩
475240,하나32호스팩
101390,아이엠
215570,크로넥스
332190,오션스바이오
234070,에이원큐브텍
447690,아이오바이오
236030,씨알푸드
318660,타임기술
092590,럭스피아
276240,엘리비젼
267080,세븐브로이맥주
202960,판도라티비
090355,노루페인트우
311960,인터로이드
044180,KD
313760,캐리
266350,팡스카이
000145,하이트진로홀딩스우
258050,테크트랜스
000545,흥국화재우
327610,펨토바이오메드
346010,타이드
009415,태영건설우
043090,더테크놀로지
223220,로지스몬
052770,아이톡시
116100,태양기계
36328K,티와이홀딩스우
299480,지앤이헬스케어
005745,크라운해태홀딩스우
014825,동원시스템즈우
136660,큐엠씨
217910,에스제이켐
002995,금호건설우
014285,금강공업우
007575,일양약품우
005965,동부건설우
008355,남선알미우
014915,성문전자우
093510,엔지브이아이
121060,유니포인트
004545,깨끗한나라우
000227,유유제약2우B
208890,미래엔에듀파트너
266470,바이오인프라생명과학
390110,애니메디솔루션
001525,동양우
402420,켈스
413300,티엘엔지니어링
245450,씨앤에스링크
004415,서울식품우
011155,CJ씨푸드1우
002787,진흥기업2우B
002785,진흥기업우B
001527,동양2우B
021045,대호특수강우
448780,마이크로엔엑스
140660,위월드
032685,소프트센우
296520,가이아코퍼레이션
266170,레드우즈
279060,이노벡스
